{"stats":{"minecraft:picked_up":{"minecraft:stick":2,"minecraft:oak_log":5,"minecraft:coal":1,"minecraft:cobblestone":15},"minecraft:crafted":{"minecraft:oak_planks":20,"minecraft:stone_axe":1,"minecraft:stick":12,"minecraft:wooden_pickaxe":1,"minecraft:stone_pickaxe":1},"minecraft:mined":{"minecraft:grass":1,"minecraft:oak_log":5,"minecraft:stone":18,"minecraft:oak_leaves":1},"minecraft:custom":{"minecraft:time_since_rest":1893,"minecraft:crouch_one_cm":423,"minecraft:play_time":1893,"minecraft:sprint_one_cm":5545,"minecraft:walk_one_cm":3058,"minecraft:sneak_time":168,"minecraft:jump":22,"minecraft:damage_dealt":35,"minecraft:leave_game":1,"minecraft:time_since_death":1893,"minecraft:total_world_time":1893,"minecraft:interact_with_crafting_table":2,"minecraft:fly_one_cm":1853},"minecraft:used":{"minecraft:wooden_pickaxe":19}},"DataVersion":3465}