{"stats":{"minecraft:used":{"minecraft:stone_axe":15,"minecraft:stone_pickaxe":8,"minecraft:wooden_pickaxe":20},"minecraft:crafted":{"minecraft:oak_planks":20,"minecraft:stone_axe":1,"minecraft:stick":12,"minecraft:wooden_pickaxe":1,"minecraft:stone_pickaxe":1},"minecraft:mined":{"minecraft:grass":1,"minecraft:oak_log":16,"minecraft:stone":27,"minecraft:oak_leaves":5},"minecraft:custom":{"minecraft:time_since_rest":2827,"minecraft:crouch_one_cm":1642,"minecraft:sprint_one_cm":7245,"minecraft:play_time":2827,"minecraft:walk_one_cm":4885,"minecraft:sneak_time":475,"minecraft:jump":30,"minecraft:damage_dealt":35,"minecraft:leave_game":2,"minecraft:time_since_death":2827,"minecraft:total_world_time":2827,"minecraft:interact_with_crafting_table":2,"minecraft:fly_one_cm":2431},"minecraft:picked_up":{"minecraft:stick":6,"minecraft:oak_log":14,"minecraft:coal":1,"minecraft:cobblestone":24}},"DataVersion":3465}