{"stats":{"minecraft:custom":{"minecraft:mob_kills":23,"minecraft:interact_with_crafting_table":6,"minecraft:leave_game":1,"minecraft:time_since_death":10566,"minecraft:time_since_rest":10566,"minecraft:sprint_one_cm":49368,"minecraft:damage_taken":10,"minecraft:walk_one_cm":20531,"minecraft:drop":10,"minecraft:damage_dealt":2540,"minecraft:swim_one_cm":2138,"minecraft:talked_to_villager":2,"minecraft:fly_one_cm":64091,"minecraft:open_chest":2,"minecraft:crouch_one_cm":3405,"minecraft:play_time":10566,"minecraft:sneak_time":1190,"minecraft:walk_under_water_one_cm":551,"minecraft:jump":290,"minecraft:walk_on_water_one_cm":256,"minecraft:total_world_time":10566,"minecraft:fall_one_cm":8269},"minecraft:used":{"minecraft:stone_pickaxe":49,"minecraft:wooden_pickaxe":4,"minecraft:stone_hoe":7,"minecraft:crafting_table":5,"minecraft:wooden_axe":48,"minecraft:bread":1,"minecraft:stone_axe":31,"minecraft:cobblestone":4,"minecraft:yellow_bed":5,"minecraft:egg":1,"minecraft:gray_wool":1},"minecraft:killed":{"minecraft:pig":2,"minecraft:iron_golem":1,"minecraft:sheep":9,"minecraft:chicken":8,"minecraft:cow":3},"minecraft:mined":{"minecraft:white_bed":1,"minecraft:brewing_stand":2,"minecraft:crafting_table":5,"minecraft:tall_grass":14,"minecraft:cobblestone":3,"minecraft:composter":2,"minecraft:hay_block":6,"minecraft:fletching_table":1,"minecraft:yellow_bed":5,"minecraft:grass":25,"minecraft:oak_log":9,"minecraft:coal_ore":3,"minecraft:water_cauldron":4,"minecraft:stone":33,"minecraft:oak_leaves":4},"minecraft:picked_up":{"minecraft:crafting_table":5,"minecraft:feather":7,"minecraft:chicken":8,"minecraft:leather":5,"minecraft:oak_log":9,"minecraft:brewing_stand":2,"minecraft:yellow_bed":5,"minecraft:wheat_seeds":6,"minecraft:beef":14,"minecraft:iron_ingot":5,"minecraft:poppy":4,"minecraft:fletching_table":1,"minecraft:egg":3,"minecraft:book":1,"minecraft:composter":2,"minecraft:porkchop":4,"minecraft:white_bed":2,"minecraft:cauldron":4,"minecraft:hay_block":6,"minecraft:gray_wool":1,"minecraft:mutton":13,"minecraft:coal":3,"minecraft:cobblestone":36,"minecraft:white_wool":8},"minecraft:broken":{"minecraft:wooden_axe":1},"minecraft:dropped":{"minecraft:wheat_seeds":2,"minecraft:crafting_table":1,"minecraft:feather":7,"minecraft:cobblestone":16,"minecraft:book":1,"minecraft:leather":5,"minecraft:poppy":2,"minecraft:beef":7,"minecraft:wooden_pickaxe":1},"minecraft:crafted":{"minecraft:oak_planks":16,"minecraft:crafting_table":1,"minecraft:wooden_pickaxe":1,"minecraft:furnace":1,"minecraft:stone_axe":1,"minecraft:bread":5,"minecraft:stick":12,"minecraft:stone_pickaxe":1,"minecraft:wooden_axe":1,"minecraft:stone_hoe":1,"minecraft:wheat":54}},"DataVersion":3578}