{"stats":{"minecraft:picked_up":{"minecraft:oak_log":17,"minecraft:sugar_cane":7,"minecraft:coal":33,"minecraft:dirt":1,"minecraft:cobblestone":16},"minecraft:crafted":{"minecraft:stone_sword":1,"minecraft:oak_planks":68,"minecraft:stone_axe":1,"minecraft:crafting_table":1,"minecraft:stick":8,"minecraft:wooden_pickaxe":1,"minecraft:stone_pickaxe":1},"minecraft:mined":{"minecraft:grass":2,"minecraft:coal_ore":34,"minecraft:grass_block":1,"minecraft:oak_log":17,"minecraft:stone":14,"minecraft:sugar_cane":4},"minecraft:custom":{"minecraft:time_since_rest":4187,"minecraft:crouch_one_cm":746,"minecraft:sprint_one_cm":8324,"minecraft:play_time":4187,"minecraft:damage_taken":35,"minecraft:walk_one_cm":5725,"minecraft:sneak_time":348,"minecraft:jump":24,"minecraft:walk_on_water_one_cm":458,"minecraft:leave_game":2,"minecraft:time_since_death":4187,"minecraft:total_world_time":4187,"minecraft:fall_one_cm":627,"minecraft:interact_with_crafting_table":4,"minecraft:fly_one_cm":4036},"minecraft:used":{"minecraft:stone_axe":5,"minecraft:stone_sword":4,"minecraft:crafting_table":1,"minecraft:stone_pickaxe":42,"minecraft:wooden_pickaxe":8}},"DataVersion":3465}