{"stats":{"minecraft:used":{"minecraft:stone_axe":7,"minecraft:stone_sword":6,"minecraft:crafting_table":1,"minecraft:stone_pickaxe":42,"minecraft:wooden_pickaxe":8},"minecraft:crafted":{"minecraft:stone_sword":1,"minecraft:oak_planks":68,"minecraft:stone_axe":1,"minecraft:crafting_table":1,"minecraft:stick":8,"minecraft:wooden_pickaxe":1,"minecraft:stone_pickaxe":1},"minecraft:mined":{"minecraft:grass":4,"minecraft:oak_log":17,"minecraft:grass_block":1,"minecraft:coal_ore":34,"minecraft:stone":14,"minecraft:sugar_cane":4},"minecraft:killed":{"minecraft:cow":2},"minecraft:custom":{"minecraft:time_since_rest":4838,"minecraft:play_time":4838,"minecraft:crouch_one_cm":746,"minecraft:sprint_one_cm":16440,"minecraft:damage_taken":35,"minecraft:walk_one_cm":6113,"minecraft:sneak_time":348,"minecraft:mob_kills":2,"minecraft:jump":53,"minecraft:damage_dealt":200,"minecraft:leave_game":3,"minecraft:time_since_death":4838,"minecraft:walk_on_water_one_cm":458,"minecraft:total_world_time":4838,"minecraft:interact_with_crafting_table":4,"minecraft:fly_one_cm":10785,"minecraft:fall_one_cm":1521},"minecraft:picked_up":{"minecraft:leather":1,"minecraft:beef":5,"minecraft:oak_log":17,"minecraft:sugar_cane":7,"minecraft:coal":33,"minecraft:dirt":1,"minecraft:cobblestone":16}},"DataVersion":3465}