{"stats":{"minecraft:used":{"minecraft:wooden_axe":20,"minecraft:stone_pickaxe":11,"minecraft:wooden_pickaxe":4},"minecraft:crafted":{"minecraft:stone_sword":1,"minecraft:oak_planks":36,"minecraft:stick":8,"minecraft:wooden_pickaxe":1,"minecraft:stone_pickaxe":1,"minecraft:wooden_axe":1},"minecraft:mined":{"minecraft:grass":1,"minecraft:oak_log":28,"minecraft:coal_ore":11,"minecraft:stone":4,"minecraft:oak_leaves":3},"minecraft:custom":{"minecraft:time_since_rest":3862,"minecraft:crouch_one_cm":1110,"minecraft:sprint_one_cm":8340,"minecraft:play_time":3862,"minecraft:walk_one_cm":10750,"minecraft:sneak_time":658,"minecraft:jump":38,"minecraft:leave_game":2,"minecraft:time_since_death":3862,"minecraft:total_world_time":3862,"minecraft:fall_one_cm":209,"minecraft:interact_with_crafting_table":4,"minecraft:fly_one_cm":4446},"minecraft:picked_up":{"minecraft:stick":1,"minecraft:apple":1,"minecraft:wheat_seeds":1,"minecraft:oak_log":28,"minecraft:oak_sapling":4,"minecraft:coal":11,"minecraft:cobblestone":5}},"DataVersion":3465}