{"stats":{"minecraft:picked_up":{"minecraft:stick":1,"minecraft:apple":1,"minecraft:wheat_seeds":1,"minecraft:oak_log":19,"minecraft:oak_sapling":4,"minecraft:coal":11,"minecraft:cobblestone":5},"minecraft:crafted":{"minecraft:oak_planks":36,"minecraft:stick":8,"minecraft:wooden_pickaxe":1,"minecraft:stone_pickaxe":1,"minecraft:wooden_axe":1},"minecraft:mined":{"minecraft:grass":1,"minecraft:coal_ore":11,"minecraft:oak_log":19,"minecraft:stone":4,"minecraft:oak_leaves":3},"minecraft:custom":{"minecraft:time_since_rest":3074,"minecraft:crouch_one_cm":1018,"minecraft:play_time":3074,"minecraft:sprint_one_cm":4429,"minecraft:walk_one_cm":8500,"minecraft:sneak_time":640,"minecraft:jump":34,"minecraft:leave_game":1,"minecraft:time_since_death":3074,"minecraft:total_world_time":3074,"minecraft:interact_with_crafting_table":3,"minecraft:fly_one_cm":3385},"minecraft:used":{"minecraft:wooden_axe":11,"minecraft:stone_pickaxe":11,"minecraft:wooden_pickaxe":4}},"DataVersion":3465}