{"stats":{"minecraft:custom":{"minecraft:time_since_rest":10133,"minecraft:interact_with_furnace":7,"minecraft:sprint_one_cm":45071,"minecraft:damage_taken":70,"minecraft:walk_one_cm":80430,"minecraft:mob_kills":31,"minecraft:drop":1,"minecraft:damage_dealt":2810,"minecraft:swim_one_cm":2366,"minecraft:interact_with_crafting_table":7,"minecraft:fly_one_cm":75291,"minecraft:crouch_one_cm":2557,"minecraft:play_time":23066,"minecraft:sneak_time":1255,"minecraft:walk_under_water_one_cm":350,"minecraft:jump":458,"minecraft:leave_game":1,"minecraft:walk_on_water_one_cm":71,"minecraft:time_since_death":23066,"minecraft:sleep_in_bed":1,"minecraft:total_world_time":23066,"minecraft:fall_one_cm":11661},"minecraft:used":{"minecraft:cooked_mutton":1,"minecraft:stone_pickaxe":156,"minecraft:wooden_pickaxe":14,"minecraft:stone_axe":1,"minecraft:torch":4,"minecraft:wooden_sword":71,"minecraft:cobblestone":4,"minecraft:beef":2,"minecraft:crafting_table":4,"minecraft:furnace":2,"minecraft:white_bed":1},"minecraft:killed":{"minecraft:sheep":14,"minecraft:cow":17},"minecraft:mined":{"minecraft:white_bed":1,"minecraft:furnace":1,"minecraft:crafting_table":4,"minecraft:grass":23,"minecraft:coal_ore":70,"minecraft:grass_block":5,"minecraft:oak_log":12,"minecraft:dirt":7,"minecraft:tall_grass":5,"minecraft:stone":98,"minecraft:oak_leaves":8},"minecraft:picked_up":{"minecraft:crafting_table":4,"minecraft:brown_wool":1,"minecraft:leather":23,"minecraft:oak_log":12,"minecraft:white_bed":1,"minecraft:dirt":16,"minecraft:cooked_mutton":1,"minecraft:wheat_seeds":3,"minecraft:beef":31,"minecraft:light_gray_wool":2,"minecraft:oak_sapling":1,"minecraft:mutton":41,"minecraft:coal":73,"minecraft:white_wool":11,"minecraft:cobblestone":102,"minecraft:furnace":2},"minecraft:broken":{"minecraft:stone_pickaxe":1,"minecraft:wooden_sword":1},"minecraft:dropped":{"minecraft:white_bed":1},"minecraft:crafted":{"minecraft:wooden_sword":1,"minecraft:oak_planks":24,"minecraft:crafting_table":1,"minecraft:stick":16,"minecraft:wooden_pickaxe":1,"minecraft:stone_pickaxe":3,"minecraft:stone_sword":1,"minecraft:furnace":1,"minecraft:white_bed":2,"minecraft:torch":4,"minecraft:stone_axe":1,"minecraft:air":0,"minecraft:cooked_mutton":20}},"DataVersion":3578}