{"stats":{"minecraft:used":{"minecraft:bread":2,"minecraft:iron_sword":8},"minecraft:mined":{"minecraft:lectern":1,"minecraft:fletching_table":1,"minecraft:crafting_table":1},"minecraft:custom":{"minecraft:time_since_rest":9624,"minecraft:open_chest":13,"minecraft:crouch_one_cm":943,"minecraft:play_time":9624,"minecraft:sprint_one_cm":28608,"minecraft:damage_taken":130,"minecraft:walk_one_cm":33159,"minecraft:sneak_time":165,"minecraft:mob_kills":4,"minecraft:jump":203,"minecraft:damage_dealt":320,"minecraft:leave_game":1,"minecraft:time_since_death":9624,"minecraft:total_world_time":9624,"minecraft:fall_one_cm":7902,"minecraft:talked_to_villager":3,"minecraft:fly_one_cm":35388},"minecraft:picked_up":{"minecraft:crafting_table":1,"minecraft:sweet_berries":6,"minecraft:fletching_table":1,"minecraft:lectern":1,"minecraft:black_wool":1,"minecraft:mutton":5,"minecraft:white_wool":3},"minecraft:killed":{"minecraft:sheep":4}},"DataVersion":3465}